question,answer_a,answer_b,model_name,original_id,image_filename,image_url,image_mime_type
哪个论点最能总结ID为BBa_K2206006的部件？,这个部件是T7启动子、核糖体结合位点(RBS)和GFP(绿色荧光蛋白)编码序列的复合体。它设计用于在表达T7 RNA聚合酶的大肠杆菌菌株中进行蛋白质表达。T7启动子是用于高水平表达的强启动子，RBS能够实现高效的翻译起始，而GFP是一种在绿色荧光下发出荧光的报告蛋白，便于表达的可视化。这个部件通常用于测试表达系统的功能性和量化其他遗传元件的强度。,BBa_K2206006部件作为合成生物学中蛋白质表达研究的基本工具。T7启动子提供强转录控制，而RBS确保GFP报告蛋白的高效翻译。这种组合使研究人员能够通过荧光监测基因表达水平，使其成为表征大肠杆菌中遗传电路和表达系统的重要组件。,BBa_K2206006,0,,,
哪个论点最能总结ID为BBa_K2116002的部件？,这个部件包含来自大肠杆菌K12 TOP10的norV启动子(PnorV)，设计为一氧化氮(NOx)检测器。在NOx存在时，PnorV激活下游基因表达，使蛋白质能够在环境NOx响应下产生。该系统通过天然norV启动子感知一氧化氮，由NorR调节。PnorV控制大肠杆菌中的一氧化氮还原操纵子(norRVW)，其中NorR结合NO并激活基因表达。这个部件对于需要敏感检测一氧化氮的合成生物学应用很有价值，已使用平板读数器和流式细胞术分析来评估剂量响应和表达噪声。,BBa_K2116002部件代表了一个复杂的生物传感器系统，利用细胞对环境信号的天然响应。PnorV启动子对一氧化氮的响应能力使其特别适用于构建检测和量化细菌系统中NOx的生物传感器。该系统使用群体水平和单细胞分析的表征证明了其在精确环境监测应用中的实用性。,BBa_K2116002,-1,,,
哪个论点最能总结ID为BBa_K4387000的部件？,这个部件包含pNorVβ启动子，一种由NorR调节的优化一氧化氮敏感启动子。从启动子pNorV中移除了相应的整合宿主因子IHF2结合位点，以在低浓度诱导剂DETA/NO范围内表现出良好的敏感性和剂量响应，激活下游基因的转录。优化设计提高了对低DETA/NO浓度的敏感性和剂量响应。它设计为与转录调节因子NorR(BBa_K4387001)耦合，创建反馈循环以微调NorR量与游离NO分子的比例。这是2016年ETH iGEM团队pNorV启动子的增强版本，具有更好的性能特征，在大肠杆菌Nissle 1917菌株中使用时间序列平板读数器分析和终点流式细胞术进行表征。,BBa_K4387000部件代表了一氧化氮传感技术的重大进步。IHF2结合位点的移除和与NorR的整合创建了一个更复杂的调节系统，能够精确响应一氧化氮水平。使用群体水平动力学分析和单细胞表达噪声测量的广泛表征使这个启动子对于需要精确一氧化氮传感和响应的合成生物学应用很有价值。,BBa_K4387000,-2,,,
哪个论点最能总结ID为BBa_K863005的部件？,这个部件包含带有T7启动子、RBS和His标签的大肠杆菌漆酶ORF，设计用于在大肠杆菌中高水平表达漆酶。漆酶是含铜的多酚氧化酶(EC 1.10.3.2)，能够通过铜介导的反应氧化多种底物。T7启动子是用于在表达T7 RNA聚合酶的菌株中高水平蛋白质表达的强启动子。RBS是用于高效翻译起始的核糖体结合位点。His标签是用于蛋白质纯化和检测的6x组氨酸标签。漆酶功能是含铜酶，氧化酚类和非酚类化合物，将氧气还原为水。铜簇包含四铜离子簇(一个蓝色铜离子1型，一个2型，两个3型)，对自由基氧化至关重要。,这个部件对于生物修复、工业废水解毒(造纸/纸浆、纺织、石化)、医学诊断、除草剂/农药清理、抗癌药物合成和化妆品应用很有价值。该酶去除外源性物质和产生聚合产物的能力使其适用于水净化系统。安全性评估显示与顶级过敏原的同一性为27.1%，相似性为54.3%，表明该部件不具有潜在过敏原状态。没有80氨基酸窗口匹配超过35%相似性阈值。,BBa_K863005,-3,,,
"在设计这个实验时，系统响应的荧光强度是否真正反映了toehold激活的效率？

![image](实验1.png)",荧光强度确实反映了toehold激活的效率，因为荧光信号的增加直接与miRNA的结合和开关的激活相关。实验数据显示，在90nM 15b-5p浓度下，荧光强度显著增加，表明toehold开关成功激活。然而，由于重复3的数据无效，我们排除了这些结果，以确保分析的准确性。,虽然荧光强度通常用于指示toehold激活，但仅凭荧光强度可能不足以全面反映激活效率。其他因素如miRNA浓度、环境条件等也可能影响荧光信号。因此，仅依赖荧光强度来评估激活效率可能存在局限性。,BBa_K2206006,1,实验1.png,,
"为什么选择 10 小时作为检测终点？荧光上升是否已饱和，还是系统仍在反应？

![image](实验1.png)",选择 10 小时作为检测终点是因为在这个时间点，荧光强度已经达到一个平台期，表明系统已经达到饱和状态，进一步的反应不会显著增加荧光强度。这表明在 10 小时内，toehold 开关已经充分响应了 miRNA 的存在，并且系统已经达到了其最大反应能力。,虽然荧光强度在 10 小时内已经达到一个平台期，但系统可能仍在反应。荧光上升的饱和可能是由于 miRNA 的浓度限制，而不是系统本身的反应能力。如果增加 miRNA 的浓度，可能会观察到荧光强度的进一步增加。此外，系统的反应时间可能超过 10 小时，但在这个时间点，荧光强度的变化已经变得非常缓慢，因此选择 10 小时作为检测终点是为了简化实验设计和数据分析。,BBa_K2206006,2,实验1.png,,
"为什么在低浓度miRNA（<5e-8 M）时荧光强度变化不明显？

![image](实验2.png)",在低浓度miRNA条件下，荧光强度变化不明显可能是因为miRNA浓度不足以有效激活toehold开关。由于miRNA浓度较低，只有少量miRNA分子能够与toehold开关结合，导致荧光信号的增加不明显。此外，系统可能存在一定的背景荧光，使得低浓度miRNA引起的荧光变化难以检测。,另一个可能的原因是toehold开关的设计或表达水平限制了其在低浓度miRNA条件下的响应能力。如果toehold开关的表达水平较低，或者其设计不够敏感，那么即使在低浓度miRNA条件下，荧光强度的变化也可能不明显。此外，miRNA与toehold开关的结合效率也可能影响荧光强度的变化。,BBa_K2206006,3,实验2.png,,
"为什么在miRNA浓度达到一定阈值后，系统的荧光强度会显著上升？

![image](实验2.png)",在miRNA浓度达到一定阈值后，系统的荧光强度会显著上升，这是因为toehold开关的设计使得只有当miRNA浓度足够高时，才能有效地与toehold开关结合，从而触发荧光信号的产生。这种设计确保了系统的特异性，即只有目标miRNA能够激活荧光信号，而其他非目标miRNA则不会引起显著的荧光变化。,另一个可能的原因是，随着miRNA浓度的增加，toehold开关的激活效率也会提高。当miRNA浓度达到一定阈值时，toehold开关几乎完全被激活，导致荧光强度显著上升。这种现象可能是由于toehold开关的饱和效应，即当所有可用的toehold开关都被miRNA占据时，荧光信号达到最大值。,BBa_K2206006,4,实验2.png,,
"为什么系统对900 nM的miRNA浓度在7小时后达到荧光强度饱和，但对90 nM的miRNA浓度在10小时后仍未完全饱和？

![image](实验3.png)",在900 nM浓度下，miRNA数量充足，几乎所有toehold switch在短时间内被激活，荧光信号迅速上升并在7小时内达到平台期。这类似于酶促反应中的高底物浓度情况，使系统快速达到最大表达水平。而在90 nM下，miRNA较少，触发反应的速率变慢，荧光积累更缓慢，因此即使10小时后也尚未完全饱和。,900 nM的miRNA浓度迅速激活大量toehold switch，消耗了系统内有限的转录翻译资源（如能量、酶、核糖体），表达系统较早达到负荷上限，因而较早饱和。而90 nM浓度下开关逐渐被激活，系统资源被温和使用，因此荧光增长过程持续更久，未在10小时内饱和。这是资源竞争和利用效率差异所导致的结果。,BBa_K2206006,5,实验3.png,,
"为什么在测试toehold开关激活时，选择使用hsa-miR-27b-3p (27b-3p) 作为对照，而不是其他随机miRNA序列？

![image](实验4.png)","使用hsa-miR-27b-3p作为对照是因为它是一个已知且广泛研究的miRNA，这样可以确保实验的可靠性和可重复性。观察到平均fold change为1.25，且未超过1.33，说明toehold开关在没有正确目标miRNA (15b-5p) 的情况下不会被激活，验证了系统的特异性。

选择已知miRNA作为对照可以减少实验变量的不确定性，确保结果的可信度。fold change的变化范围小，进一步证明了toehold开关对目标miRNA的高选择性。

该实验数据有效验证了实验假设，即toehold开关仅在存在正确目标miRNA时激活，排除了非特异性激活的可能性。","选择hsa-miR-27b-3p是因为它与目标miRNA (15b-5p) 结构相似但序列不同，这样可以更准确地评估toehold开关的特异性。实验结果显示fold change较低，说明系统对非目标miRNA的反应很弱。

使用结构相似但序列不同的miRNA作为对照，可以更精确地测试toehold开关的识别能力，确保实验结果的准确性。

该实验数据支持了实验假设，即toehold开关对目标miRNA具有高度特异性，非目标miRNA不会引起显著激活，从而验证了系统的设计有效性。",BBa_K2206006,6,实验4.png,,
"为什么在27b-3p存在时，荧光信号仍略高于背景？

![image](实验4.png)",在27b-3p存在时，荧光信号略高于背景可能是因为实验中存在一些未完全抑制的toehold开关，或者是因为27b-3p与toehold开关的序列有微小的互补性，导致部分激活。此外，27b-3p可能也激活了其他非特异性结合位点，如RNA聚合酶结合位点，从而产生一定的背景信号。,在27b-3p存在时，荧光信号略高于背景可能是由于toehold开关的设计或实验条件中存在某些未考虑到的因素，例如实验温度、pH值或离子强度等环境因素对系统的影响。这些因素可能影响了toehold开关的特异性或稳定性，导致系统在非目标miRNA存在时仍有一定的荧光信号输出。,BBa_K2206006,7,实验4.png,,
"PnorV系统在70 μM NO浓度下尚未达到饱和，是否是由于启动子本身的响应上限，还是由于细胞因NO毒性而抑制了报告蛋白表达？

![image](实验5.png)","PnorV系统在70 μM NO浓度下尚未达到饱和，可能是因为启动子本身的响应上限较低，无法在更高浓度下进一步激活下游基因表达。实验数据显示，荧光强度在70 μM NO浓度下显著增加，但未达到饱和状态，这表明启动子的活性可能受到限制。

选择荧光强度作为实验数据，因为它直接反映了启动子的活性水平。荧光强度与NO浓度之间的线性关系表明，启动子能够响应NO浓度的变化，但可能存在一个上限。

该实验数据支持了实验假设，即启动子对NO浓度的响应是有限的，这可能是由于启动子本身的特性。","PnorV系统在70 μM NO浓度下尚未达到饱和，可能是由于细胞因NO毒性而抑制了报告蛋白的表达。实验数据显示，荧光强度在70 μM NO浓度下显著增加，但未达到饱和状态，这表明细胞可能在高浓度NO下受到毒性影响，导致报告蛋白表达受到抑制。

选择荧光强度作为实验数据，因为它直接反映了报告蛋白的表达水平。荧光强度与NO浓度之间的线性关系表明，启动子能够响应NO浓度的变化，但细胞毒性可能限制了报告蛋白的表达。

该实验数据支持了实验假设，即启动子对NO浓度的响应可能受到细胞毒性的影响，这可能导致报告蛋白表达受到抑制。",BBa_K2116002,8,实验5.png,,
"为什么在测试PnorV启动子激活时，选择使用DETA/NO作为诱导剂，而不是其他NO供体？

![image](实验5.png)","使用DETA/NO作为诱导剂是因为它能够稳定地释放NO，并且其浓度易于控制，从而能够精确地模拟NO在细胞环境中的浓度变化。实验结果显示，随着DETA/NO浓度的增加，荧光强度显著增加，表明PnorV启动子能够响应NO的浓度变化。选择DETA/NO作为诱导剂可以确保实验结果的可靠性和可重复性，验证了系统的特异性。

该实验数据有效验证了实验假设，即PnorV启动子仅在存在NO时激活，排除了非特异性激活的可能性。","选择DETA/NO是因为它能够模拟NO在生物体内的自然浓度范围，从而更准确地评估PnorV启动子的响应能力。实验结果显示，在DETA/NO浓度范围内，荧光强度与NO浓度呈正相关，说明PnorV启动子对NO具有高度特异性。使用DETA/NO作为诱导剂，可以更精确地测试PnorV启动子的识别能力，确保实验结果的准确性。

该实验数据支持了实验假设，即PnorV启动子对NO具有高度特异性，非目标NO供体不会引起显著激活，从而验证了系统的设计有效性。",BBa_K2116002,9,实验5.png,,
"为什么在未诱导条件下，WT 和 norR KO 仍然存在荧光（背景表达）？

![image](实验6.png)","背景表达可能由于非特异性结合或内源性荧光物质引起。在实验中，即使没有诱导剂，细胞内也可能存在一些荧光信号，这可能是由于其他蛋白质或细胞成分的荧光特性。

此外，荧光测量可能受到实验条件的影响，如培养基成分、细胞密度等，这些因素可能导致非特异性荧光的产生。

为了验证背景表达是否影响实验结果，可以设置一个不含任何生物分子的空白对照，以确定荧光信号是否完全由生物分子引起。","背景表达可能是由于实验设计或操作中的误差导致的。例如，在制备样品或进行测量时，可能存在污染或交叉污染，导致非特异性荧光的产生。

此外，荧光测量设备或方法的灵敏度也可能导致背景表达。如果设备过于敏感，可能会检测到非常微弱的荧光信号，这些信号可能不是由目标生物分子引起的。

为了排除背景表达的影响，可以采用更严格的实验设计和操作流程，确保样品的纯度和实验条件的控制。",BBa_K2116002,10,实验6.png,,
"为什么在未诱导条件下，norR KO 的荧光比 WT 高？

![image](实验6.png)",在未诱导条件下，norR KO 的荧光比 WT 高可能是由于背景表达或非特异性激活。这可能是由于实验设计或操作中的误差导致的，例如，在制备样品或进行测量时，可能存在污染或交叉污染，导致非特异性荧光的产生。此外，荧光测量设备或方法的灵敏度也可能导致背景表达。如果设备过于敏感，可能会检测到非常微弱的荧光信号，这些信号可能不是由目标生物分子引起的。,另一个可能的解释是，norR KO 的细胞在没有 NorR 的情况下，可能通过其他机制激活了 PnorV。例如，其他转录因子或细胞内信号通路可能补偿了 NorR 的缺失，导致 PnorV 的激活。此外，norR KO 细胞可能具有不同的代谢状态或基因表达模式，这可能导致不同的荧光水平。,BBa_K2116002,11,实验6.png,,
"为什么在3小时前所有组的GFP都出现了同步下降？

![image](实验7.png)","在3小时前所有组的GFP同步下降可能是因为细胞进入了生长平台期，导致整体代谢活动减弱，影响了GFP的表达。实验数据显示，GFP/OD600的平均值在3小时后显著下降，这可能与细胞密度增加、营养限制或代谢废物积累有关。

选择GFP/OD600的变化可以反映细胞整体代谢状态对基因表达的影响。该实验数据表明，细胞生长阶段对基因表达调控有显著影响，验证了细胞生理状态对合成生物学电路性能的重要性。

该实验数据有效验证了实验假设，即细胞生长状态对基因表达有显著影响，提示在设计合成生物学电路时需考虑细胞生理状态的动态变化。","GFP在3小时前的同步下降可能是由于实验过程中的操作误差或仪器漂移导致的。实验数据显示，所有组的GFP/OD600值在同一时间点下降，这可能表明存在系统性的实验误差，如测量设备问题、样品处理不当或环境条件变化等。

选择分析GFP/OD600的变化可以排除细胞密度变化的影响，但同步下降可能表明存在实验技术问题。该实验数据提醒我们，在解释实验结果时需要仔细考虑实验操作和仪器稳定性的影响。

该实验数据支持了实验假设，即实验操作和仪器稳定性对数据质量有重要影响，这提醒我们在实验设计过程中需要严格控制实验条件和操作流程。",BBa_K4387000,12,实验7.png,,
"为什么在未加入诱导剂（0 μM NO）情况下，2 RBS构建出现明显背景表达？

![image](实验8.png)","背景表达可能是由于即使在没有NO的情况下，pNorV启动子也具有一定的活性，导致GFP表达。这种基础表达可能是由于启动子的内在活性或细胞内其他因素引起的。

此外，实验中使用的基础培养基或质粒可能含有其他调控元件，在无NO条件下也能轻微激活启动子，导致背景表达。

为了验证背景表达是否影响实验结果，可以设置一个不含任何生物分子的空白对照，以确定荧光信号是否完全由生物分子引起。","背景表达可能是由于实验设计或操作中的误差导致的。例如，在制备样品或进行测量时，可能存在污染或交叉污染，导致非特异性荧光的产生。

此外，荧光测量设备或方法的灵敏度也可能导致背景表达。如果设备过于敏感，可能会检测到非常微弱的荧光信号，这些信号可能不是由目标生物分子引起的。

为了排除背景表达的影响，可以采用更严格的实验设计和操作流程，确保样品的纯度和实验条件的控制。",BBa_K4387000,13,实验8.png,,
"为什么增加到3个RBS，GFP表达反而下降了？

![image](实验9.png)","增加RBS数量通常是为了提高核糖体结合位点的表达量，但在这个案例中，增加到3个RBS反而导致GFP表达下降，可能是由于过量的RBS引起了翻译抑制效应或翻译机器过载。过多的RBS可能导致mRNA的二级结构改变，影响翻译效率。

另外，多个RBS可能引起NorR调控蛋白的过度表达，导致对pNorV启动子的过度抑制，从而降低GFP的表达。

该实验数据表明，RBS数量的优化需要平衡表达增强和系统稳定性，验证了合成生物学设计中参数调优的重要性。","另一个可能的解释是，实验中使用的基础培养基或质粒可能含有其他调控元件，在无NO条件下也能轻微激活启动子，导致背景表达。

此外，实验操作或仪器灵敏度也可能导致背景表达。如果设备过于敏感，可能会检测到非常微弱的荧光信号，这些信号可能不是由目标生物分子引起的。

为了排除背景表达的影响，可以采用更严格的实验设计和操作流程，确保样品的纯度和实验条件的控制。",BBa_K4387000,14,实验9.png,,
"外源NorR提高了GFP表达，那它会不会也带来了背景启动或不该有的响应？

![image](实验10.png)","是的，这是有可能的。外源NorR是通过强启动子高表达的，并且是经过密码子优化的版本，表达量远高于内源水平。在该构建中，即使在没有NO的条件下，也可能有一定程度的GFP表达，表现为背景启动。

此外，外源NorR可能在无NO的条件下也能自我激活pNorV启动子，进一步触发GFP表达。这种""信号放大""可能带来不该有的响应，影响系统的特异性和可控性。

该实验数据提醒我们，在合成生物学设计中需要仔细考虑外源基因表达对系统性能的影响，确保系统的特异性和可控性。","不一定。虽然外源NorR提高了GFP表达，但这并不意味着它带来了背景启动或不该有的响应。外源NorR的高表达可能是由于实验条件或细胞状态的影响，而不是由于系统的非特异性激活。

此外，外源NorR的表达可能受到严格的调控，确保只在适当的条件下激活，从而避免背景启动或不该有的响应。

该实验数据表明，外源基因的表达需要仔细调控，以确保系统的特异性和可控性，这提醒我们在合成生物学设计中需要充分考虑基因表达调控的重要性。",BBa_K4387000,15,实验10.png,,
"为什么剂量响应实验中，123RBS构建突然都变高了，其中2 RBS构建在125 μM后GFP表达为什么突然变得更高？

![image](实验11.png)","从正反馈机制角度解释：在剂量响应实验中，1/2/3 RBS构建在NO浓度达到一定阈值（如125 μM）后GFP表达突然升高，是因为系统采用了正反馈机制：NO激活NorR，NorR进一步激活pNorV启动子，进而启动更多NorR和GFP的表达，形成""自我放大""。2 RBS构建的翻译效率处于最优状态：既能快速翻译mRNA，又不过度干扰系统。

该实验数据表明，正反馈机制在合成生物学电路中具有重要作用，验证了系统设计中对反馈调控的考虑。","从翻译效率与系统负载角度解释：从翻译层面看，不同RBS数量导致的效率差异也是关键因素。1 RBS表达较弱的信号放大，3 RBS可能因核糖体拥挤或质粒稳定性而影响稳定性，而2 RBS构建的翻译效率处于最优状态：既能快速翻译mRNA，又不过度干扰系统。这样在NO浓度达到阈值后，系统变能高效释放GFP表达，表现为突然升高。

该实验数据表明，翻译效率的优化在合成生物学设计中具有重要作用，验证了系统参数调优的重要性。",BBa_K4387000,16,实验11.png,,
"在实验中，每种构建体都使用了相同的质粒骨架、启动子序列和终止子，那么实验中观察到的表达差异是否可以完全归因于RBS？

![image](实验12.png)","（理论层面视角：RBS 是主要变量）
从实验设计角度看，本实验通过保持质粒骨架、启动子（pNorVβ）和终止子一致，仅更换 RBS 元件，这种""单变量控制法""可以最大限度地将观察到的表达差异归因于 RBS 的调控效应。RBS 直接影响翻译起始效率，决定核糖体招募能力，是调控蛋白表达强度的关键环节。因此，在理想实验环境下，RBS 是该实验观察表达变化的核心决定因素。","（现实视角：表达差异不能仅归因于 RBS）
尽管本实验在 DNA 层面对除 RBS 外的元件实现了统一，但表达差异不能完全归因于 RBS，还可能受到下游 CDS 序列结构（如 mRNA 次级结构）、转录后剪接稳定性、mRNA 降解速率等因素的影响。例如，RBS 与下游基因起始部分的序列互作会影响 mRNA 折叠，进而影响核糖体结合效率。再如，翻译速率改变可能带来资源竞争（ribosome loading）变化，引起系统性反馈。因此，RBS 是主要变量，但不是唯一变量，表达差异也反映了翻译和转录后水平的复杂调控网络。",BBa_K4387000,17,实验12.png,,
"为什么高NO浓度下各构建体的系统噪声普遍下降？

![image](实验13.png)","（表达驱动力增强角度）
在高浓度 DETA/NO 诱导条件下，pNorVβ 启动子被 NorR 激活得更充分，系统整体表达水平显著提高。此时，大部分细胞都处于一个""高表达且稳定""的状态，个体间的差异（如启动概率、蛋白合成速率）在高背景中被""稀释""。因此，虽然可能存在细胞间微小差异，但由于绝对表达量上升，变异系数（CV = 标准差 / 均值）自然下降，表现为系统噪声降低。","（低诱导时存在启动随机性）
在低浓度 NO 或未诱导状态下，启动子激活处于""亚稳态""区域，即部分细胞可能被激活、部分仍然关闭，形成一种""开/关状态混合""的细胞群体。这样的表达状态非常容易受到细胞生理状态、质粒拷贝数、代谢通量等因素的影响，导致表达水平个体差异增大。而高诱导浓度则能强力驱动几乎所有细胞同时表达，使系统从""异质状态""转向""均一高表达状态""，噪声因此下降。",BBa_K4387000,18,实验13.png,,
"在阴性对照组中也观察到明显条带信号，如何进一步验证这条 ~45 kDa 的蛋白是真正通过 HlyA 系统分泌到胞外的，而不是因细胞裂解或死亡而泄漏到上清中的？

![image](实验14.png)","为了确认条带来自 HlyA 系统的主动分泌而非细胞破裂导致的泄漏，可以设计对照实验进一步验证。例如，使用缺失 HlyB/D 分泌通道的菌株进行表达，如果在该条件下上清中不出现条带，则说明分泌依赖该系统。此外，还可以检测上清中是否存在胞内标志性蛋白（如 GroEL），若无检出则可排除细胞裂解的可能，同时结合各组细胞活性评估，确保诱导处理本身未引发大规模死亡。这些手段有助于从实验层面进一步排除""假阳性""信号，提高结果的可信度。",从机制角度出发，HlyA 分泌系统是依赖 HlyB/D ATP 驱动的 III 型分泌通路，只有在功能完整时才能将带有 C 端 HlyA 标签的蛋白导出胞外。如果细胞只是因为死亡而破裂泄漏，理论上应同时释放大量胞内其他蛋白。而在 blot 中只观察到特定大小的条带，说明并非非选择性破裂。再结合诱导组中条带随 NO 浓度升高而增强，呈现出剂量依赖趋势，这进一步支持了目标蛋白是由感应系统主动表达并通过 HlyA 通道精准分泌的结论。,BBa_K4387000,19,实验14.png,,
"为什么还要设置 MC1061 表达的纳米抗体作为对照组？

![image](实验15.png)","（实验设计视角）
设置 MC1061 表达的纳米抗体作为对照组，是为了排除""菌株差异""对抗体功能的影响。MC1061 是传统常用的大肠杆菌表达宿主，表达系统成熟稳定，通过它表达并纯化出的纳米抗体，通常作为""标准品""或""参考组""。将其与 Nissle 1917 在相同实验条件下进行比较，有助于判断：Nissle 是否同样具备足够的表达效率和抗体功能，是否适合作为后续治疗用途的 chassis。这种对照使结果更有说服力，也更利于后续临床转换时进行宿主选型评估。","（系统评价视角）
MC1061 对照组的设置，实际上提供了一个""理想条件""下的参考表达产物，用来衡量 Nissle 系统表达出的纳米抗体是否达到功能标准。MC1061 在无 NO 诱导的条件下表达抗体，产物来源稳定、结构清晰，可以作为""正品""的 benchmark。与之对比，如果 Nissle 的 NO 感应系统不仅能分泌抗体，还具备相似甚至更强的结合能力，就可以说明整个感应调控系统不仅有效，而且具备实用价值。这个对照组的存在，是对 Nissle 版本系统功能的一种""现实验证""。",BBa_K4387000,20,实验15.png,,
"为什么在 6 小时后菌体 OD₆₀₀ 增长进入平台期，甚至轻微下降？

![image](实验16.png)

实验1：3L发酵数据图",（代谢负载与养分耗尽） 随着诱导表达的启动，细胞开始大量表达异源蛋白（如 CueO 酶），这会带来代谢负荷（metabolic burden），加快养分消耗、积累毒性代谢物，最终抑制细胞继续生长，导致 OD₆₀₀ 进入平台甚至下降,（表达毒性或溶氧不足） 目标蛋白可能具有一定表达毒性，影响细胞膜稳定性或干扰核心代谢通路。同时在高密度发酵中，可能出现溶氧水平骤降，导致厌氧代谢产生抑制产物（如乙酸），抑制生长或引起细胞部分死亡。,BBa_K863005,21,实验16.png,,
"实验2: 为什么咪唑浓度设定为 250 mM ？是否最优？

![image](实验17.png)","（文献支持与经验参数） 250 mM 是亲和层析中广泛使用的标准洗脱浓度，能有效竞争 His-tag 与 Ni²⁺ 的结合，同时避免过多杂蛋白共洗脱。许多表达系统（如 BL21、KRX）使用这一浓度可稳定回收目标蛋白，属于经验优化的""黄金区间""。",（可能非最优，仍可优化） 尽管 250 mM 常用，但每个蛋白的结合亲和力不同，是否最优仍需实证。可以通过 线性梯度洗脱或 多步梯度分段试验（100–300 mM）来更精细地找到最佳洗脱点，从而提高蛋白得率、纯度和活性保留率。,BBa_K863005,22,实验17.png,,
"实验3： 为什么在 fraction 6–8 泳道中目标条带最粗最明显，而在 fraction 2–5 中条带较弱甚至接近消失？

![image](实验18.png)

图 3 解读：SDS-PAGE 电泳分析
",（主洗脱集中在中段） 说明蛋白在咪唑浓度接近 250 mM 的中段洗脱峰中集中释放，结合力适中。这是 Ni-NTA 亲和层析的常见洗脱模式：前段浓度不足无法完全竞争结合，后段洗脱时蛋白已基本释放。,（洗脱体积分组不均或洗脱速率不稳定） 也可能是由于 分段收集时组分体积设置不等或洗脱速率略有波动，使得蛋白主要集中在某几管中出现，而其他管只带出少量残余。这种现象提示可以进一步优化 FPLC 程序设定，提高蛋白分布均匀性与回收效率。,BBa_K863005,23,实验18.png,,
"实验4: 低浓度 MeOH 为什么会提升 ECOL laccase 的活性？

![image](实验19.png)",低浓度 MeOH 可能通过改善底物 ABTS 的溶解性和扩散效率而提升活性。在水相中，ABTS 的溶解和与酶活性中心的结合可能受限；少量 MeOH 作为共溶剂能降低溶液表面张力，促进底物分子更容易接近酶活性位点，从而提高初始反应速率和产物累积量。,低浓度 MeOH 还可能对酶本身的构象柔性产生轻微影响，使活性位点区域更加开放或动态性增强，从而有利于底物进入和产物释放。这种效应在高浓度时会转为负面，因为有机溶剂会破坏酶的三级结构和疏水相互作用，导致活性下降。,BBa_K863005,24,实验19.png,,
"实验5: 在寒冷季节的废水处理环境中，怎样才能确保ECOL依然保持高催化效率？

![image](实验20.png)","工程条件优化路线
在现有酶的基础上，通过优化运行条件来提升低温催化效率，例如提高底物浓度以增加酶与底物的碰撞机会，添加Cu²⁺或甘油、海藻糖等低温保护剂以稳定酶结构，或者在反应器中设置局部加热、保温层等温控措施，让反应环境尽可能接近ECOL的最适温度，从而在不更换酶的情况下提升寒季处理效果。","酶改造与替换路线
从根本上提升低温活性，可以通过蛋白质工程手段（如定向进化、位点突变或结构域重组）改造ECOL的空间构型，使其在低温下仍保持足够的柔性与催化速率；或者直接筛选天然存在的耐低温同类酶（如来自极地微生物的laccase）作为替代，确保废水处理系统在寒冷季节也能长期稳定高效运行。",BBa_K863005,25,实验20.png,,
